pub,speakernum,speaker,coder,order
ditisdedag2023-11-06,SPEAKER_00,n,n,2
ditisdedag2023-11-06,SPEAKER_01,yesilgoz,n,1
ditisdedag2023-11-06,SPEAKER_02,n,n,2
ditisdedag2023-11-06,SPEAKER_03,n,n,2
ditisdedag2023-11-06,SPEAKER_04,n,n,2
ditisdedag2023-11-06,SPEAKER_05,n,n,2
ditisdedag2023-11-15,SPEAKER_00,n,n,2
ditisdedag2023-11-15,SPEAKER_02,n,n,2
ditisdedag2023-11-15,SPEAKER_03,n,n,2
ditisdedag2023-11-15,SPEAKER_04,n,n,2
ditisdedag2023-11-15,SPEAKER_05,n,n,2
ditisdedag2023-11-15,SPEAKER_06,n,n,2
ditisdedag2023-11-15,SPEAKER_07,n,n,2
ditisdedag2023-11-15,SPEAKER_08,bikker,n,1
journaal2023-11-11,SPEAKER_01,n,n,2
journaal2023-11-11,SPEAKER_03,n,n,2
journaal2023-11-11,SPEAKER_04,n,n,2
journaal2023-11-11,SPEAKER_05,n,n,2
journaal2023-11-11,SPEAKER_06,n,n,2
journaal2023-11-11,SPEAKER_07,n,n,2
journaal2023-11-11,SPEAKER_08,n,n,2
journaal2023-11-11,SPEAKER_09,n,n,2
journaal2023-11-11,SPEAKER_10,n,n,2
journaal2023-11-11,SPEAKER_100,n,n,2
journaal2023-11-11,SPEAKER_101,n,n,2
journaal2023-11-11,SPEAKER_102,n,n,2
journaal2023-11-11,SPEAKER_103,n,n,2
journaal2023-11-11,SPEAKER_104,n,n,2
journaal2023-11-11,SPEAKER_105,n,n,2
journaal2023-11-11,SPEAKER_106,n,n,2
journaal2023-11-11,SPEAKER_107,n,n,2
journaal2023-11-11,SPEAKER_108,n,n,2
journaal2023-11-11,SPEAKER_11,n,n,2
journaal2023-11-11,SPEAKER_13,n,n,2
journaal2023-11-11,SPEAKER_14,n,n,2
journaal2023-11-11,SPEAKER_15,n,n,2
journaal2023-11-11,SPEAKER_16,n,n,2
journaal2023-11-11,SPEAKER_17,n,n,2
journaal2023-11-11,SPEAKER_18,n,n,2
journaal2023-11-11,SPEAKER_19,n,n,2
journaal2023-11-11,SPEAKER_20,n,n,2
journaal2023-11-11,SPEAKER_22,n,n,2
journaal2023-11-11,SPEAKER_23,n,n,2
journaal2023-11-11,SPEAKER_24,n,n,2
journaal2023-11-11,SPEAKER_25,n,n,2
journaal2023-11-11,SPEAKER_26,n,n,2
journaal2023-11-11,SPEAKER_27,n,n,2
journaal2023-11-11,SPEAKER_28,n,n,2
journaal2023-11-11,SPEAKER_29,n,n,2
journaal2023-11-11,SPEAKER_30,n,n,2
journaal2023-11-11,SPEAKER_31,n,n,2
journaal2023-11-11,SPEAKER_32,n,n,2
journaal2023-11-11,SPEAKER_33,n,n,2
journaal2023-11-11,SPEAKER_34,n,n,2
journaal2023-11-11,SPEAKER_35,n,n,2
journaal2023-11-11,SPEAKER_36,n,n,2
journaal2023-11-11,SPEAKER_37,n,n,2
journaal2023-11-11,SPEAKER_38,n,n,2
journaal2023-11-11,SPEAKER_39,n,n,2
journaal2023-11-11,SPEAKER_40,yesilgoz,n,1
journaal2023-11-11,SPEAKER_41,n,n,2
journaal2023-11-11,SPEAKER_43,n,n,2
journaal2023-11-11,SPEAKER_44,n,n,2
journaal2023-11-11,SPEAKER_45,n,n,2
journaal2023-11-11,SPEAKER_46,n,n,2
journaal2023-11-11,SPEAKER_47,n,n,2
journaal2023-11-11,SPEAKER_48,n,n,2
journaal2023-11-11,SPEAKER_49,n,n,2
journaal2023-11-11,SPEAKER_50,n,n,2
journaal2023-11-11,SPEAKER_53,n,n,2
journaal2023-11-11,SPEAKER_54,n,n,2
journaal2023-11-11,SPEAKER_55,n,n,2
journaal2023-11-11,SPEAKER_56,ouwehand,n,1
journaal2023-11-11,SPEAKER_57,n,n,2
journaal2023-11-11,SPEAKER_58,n,n,2
journaal2023-11-11,SPEAKER_59,n,n,2
journaal2023-11-11,SPEAKER_60,n,n,2
journaal2023-11-11,SPEAKER_61,n,n,2
journaal2023-11-11,SPEAKER_62,n,n,2
journaal2023-11-11,SPEAKER_63,n,n,2
journaal2023-11-11,SPEAKER_64,n,n,2
journaal2023-11-11,SPEAKER_65,n,n,2
journaal2023-11-11,SPEAKER_66,n,n,2
journaal2023-11-11,SPEAKER_67,n,n,2
journaal2023-11-11,SPEAKER_68,n,n,2
journaal2023-11-11,SPEAKER_69,n,n,2
journaal2023-11-11,SPEAKER_70,n,n,2
journaal2023-11-11,SPEAKER_71,n,n,2
journaal2023-11-11,SPEAKER_72,n,n,2
journaal2023-11-11,SPEAKER_73,n,n,2
journaal2023-11-11,SPEAKER_74,n,n,2
journaal2023-11-11,SPEAKER_75,n,n,2
journaal2023-11-11,SPEAKER_76,n,n,2
journaal2023-11-11,SPEAKER_77,n,n,2
journaal2023-11-11,SPEAKER_78,n,n,2
journaal2023-11-11,SPEAKER_79,n,n,2
journaal2023-11-11,SPEAKER_80,n,n,2
journaal2023-11-11,SPEAKER_81,n,n,2
journaal2023-11-11,SPEAKER_82,n,n,2
journaal2023-11-11,SPEAKER_83,n,n,2
journaal2023-11-11,SPEAKER_84,n,n,2
journaal2023-11-11,SPEAKER_85,n,n,2
journaal2023-11-11,SPEAKER_86,n,n,2
journaal2023-11-11,SPEAKER_88,n,n,2
journaal2023-11-11,SPEAKER_89,n,n,2
journaal2023-11-11,SPEAKER_90,n,n,2
journaal2023-11-11,SPEAKER_91,n,n,2
journaal2023-11-11,SPEAKER_92,n,n,2
journaal2023-11-11,SPEAKER_93,n,n,2
journaal2023-11-11,SPEAKER_94,n,n,2
journaal2023-11-11,SPEAKER_95,n,n,2
journaal2023-11-11,SPEAKER_96,n,n,2
journaal2023-11-11,SPEAKER_97,n,n,2
journaal2023-11-11,SPEAKER_98,n,n,2
journaal2023-11-11,SPEAKER_99,n,n,2
nieuwsbv2023-11-06,SPEAKER_00,n,n,3
nieuwsbv2023-11-06,SPEAKER_01,n,n,3
nieuwsbv2023-11-06,SPEAKER_02,n,n,3
nieuwsbv2023-11-06,SPEAKER_03,n,n,3
nieuwsbv2023-11-06,SPEAKER_04,n,n,3
nieuwsbv2023-11-06,SPEAKER_05,n,n,3
nieuwsbv2023-11-06,SPEAKER_06,n,n,3
nieuwsbv2023-11-06,SPEAKER_07,n,n,3
nieuwsbv2023-11-06,SPEAKER_08,n,n,3
nieuwsbv2023-11-06,SPEAKER_09,n,n,3
nieuwsbv2023-11-06,SPEAKER_10,n,n,3
nieuwsbv2023-11-06,SPEAKER_11,n,n,3
nieuwsbv2023-11-06,SPEAKER_12,n,n,3
nieuwsbv2023-11-06,SPEAKER_13,n,n,3
nieuwsbv2023-11-06,SPEAKER_14,n,n,3
nieuwsbv2023-11-06,SPEAKER_15,n,n,3
nieuwsbv2023-11-06,SPEAKER_16,n,n,3
nieuwsbv2023-11-06,SPEAKER_17,n,n,3
nieuwsbv2023-11-06,SPEAKER_18,n,n,3
nieuwsbv2023-11-06,SPEAKER_19,n,n,3
nieuwsbv2023-11-06,SPEAKER_20,n,n,2
nieuwsbv2023-11-06,SPEAKER_21,n,n,3
nieuwsbv2023-11-06,SPEAKER_22,n,n,3
nieuwsbv2023-11-06,SPEAKER_23,n,n,3
nieuwsbv2023-11-06,SPEAKER_24,n,n,3
nieuwsbv2023-11-06,SPEAKER_25,n,n,3
nieuwsbv2023-11-06,SPEAKER_26,n,n,3
nieuwsbv2023-11-06,SPEAKER_27,n,n,3
nieuwsbv2023-11-06,SPEAKER_28,n,n,3
nieuwsbv2023-11-06,SPEAKER_29,n,n,3
nieuwsbv2023-11-06,SPEAKER_30,n,n,3
nieuwsbv2023-11-06,SPEAKER_31,n,n,3
nieuwsbv2023-11-06,SPEAKER_32,n,n,3
nieuwsbv2023-11-06,SPEAKER_33,n,n,3
nieuwsbv2023-11-06,SPEAKER_34,n,n,3
nieuwsbv2023-11-06,SPEAKER_35,n,n,3
nieuwsbv2023-11-06,SPEAKER_36,n,n,3
nieuwsbv2023-11-06,SPEAKER_37,n,n,3
nieuwsbv2023-11-06,SPEAKER_38,n,n,3
nieuwsbv2023-11-06,SPEAKER_39,n,n,3
nieuwsbv2023-11-06,SPEAKER_40,n,n,3
nieuwsbv2023-11-06,SPEAKER_41,n,n,3
nieuwsbv2023-11-06,SPEAKER_42,n,n,3
nieuwsbv2023-11-06,SPEAKER_43,n,n,3
nieuwsbv2023-11-06,SPEAKER_44,n,n,3
nieuwsbv2023-11-06,SPEAKER_45,n,n,3
nieuwsbv2023-11-06,SPEAKER_46,n,n,3
nieuwsbv2023-11-06,SPEAKER_47,n,n,3
nieuwsbv2023-11-06,SPEAKER_48,n,n,3
nieuwsbv2023-11-06,SPEAKER_49,n,n,3
nieuwsbv2023-11-06,SPEAKER_50,n,n,3
nieuwsbv2023-11-06,SPEAKER_51,n,n,3
nieuwsbv2023-11-06,SPEAKER_52,n,n,3
nieuwsbv2023-11-06,SPEAKER_53,n,n,3
nieuwsbv2023-11-06,SPEAKER_54,n,n,3
nieuwsbv2023-11-06,SPEAKER_55,n,n,3
nieuwsbv2023-11-06,SPEAKER_56,n,n,3
nieuwsbv2023-11-06,SPEAKER_57,n,n,3
nieuwsbv2023-11-06,SPEAKER_58,n,n,3
nieuwsbv2023-11-06,SPEAKER_59,n,n,3
nieuwsbv2023-11-10,SPEAKER_00,n,n,3
nieuwsbv2023-11-10,SPEAKER_01,n,n,3
nieuwsbv2023-11-10,SPEAKER_02,n,n,3
nieuwsbv2023-11-10,SPEAKER_03,n,n,3
nieuwsbv2023-11-10,SPEAKER_04,n,n,3
nieuwsbv2023-11-10,SPEAKER_05,n,n,3
nieuwsbv2023-11-10,SPEAKER_06,n,n,3
nieuwsbv2023-11-10,SPEAKER_07,n,n,3
nieuwsbv2023-11-10,SPEAKER_08,n,n,3
nieuwsbv2023-11-10,SPEAKER_09,n,n,3
nieuwsbv2023-11-10,SPEAKER_10,n,n,3
nieuwsbv2023-11-10,SPEAKER_11,n,n,3
nieuwsbv2023-11-10,SPEAKER_12,n,n,3
nieuwsbv2023-11-10,SPEAKER_13,n,n,3
nieuwsbv2023-11-10,SPEAKER_14,n,n,3
nieuwsbv2023-11-10,SPEAKER_15,n,n,3
nieuwsbv2023-11-10,SPEAKER_16,n,n,3
nieuwsbv2023-11-10,SPEAKER_17,n,n,3
nieuwsbv2023-11-10,SPEAKER_18,n,n,3
nieuwsbv2023-11-10,SPEAKER_19,n,n,3
nieuwsbv2023-11-10,SPEAKER_21,n,n,3
nieuwsbv2023-11-10,SPEAKER_22,n,n,3
nieuwsbv2023-11-10,SPEAKER_23,n,n,3
nieuwsbv2023-11-10,SPEAKER_24,n,n,3
nieuwsbv2023-11-10,SPEAKER_25,n,n,3
nieuwsbv2023-11-10,SPEAKER_26,n,n,3
nieuwsbv2023-11-10,SPEAKER_27,n,n,3
nieuwsbv2023-11-10,SPEAKER_28,n,n,3
nieuwsbv2023-11-10,SPEAKER_29,n,n,3
nieuwsbv2023-11-10,SPEAKER_30,n,n,3
nieuwsbv2023-11-10,SPEAKER_31,n,n,3
nieuwsbv2023-11-10,SPEAKER_32,n,n,3
nieuwsbv2023-11-10,SPEAKER_33,n,n,3
nieuwsbv2023-11-10,SPEAKER_34,n,n,3
nieuwsbv2023-11-10,SPEAKER_35,bontenbal,n,1
nieuwsbv2023-11-10,SPEAKER_36,n,n,3
nieuwsbv2023-11-10,SPEAKER_37,n,n,3
nieuwsbv2023-11-10,SPEAKER_38,n,n,3
nieuwsbv2023-11-10,SPEAKER_40,n,n,3
nieuwsbv2023-11-10,SPEAKER_41,n,n,3
nieuwsbv2023-11-10,SPEAKER_42,n,n,3
nieuwsbv2023-11-10,SPEAKER_43,n,n,3
nieuwsbv2023-11-10,SPEAKER_44,n,n,3
nieuwsbv2023-11-10,SPEAKER_45,n,n,3
nieuwsbv2023-11-10,SPEAKER_46,n,n,3
nieuwsbv2023-11-10,SPEAKER_47,n,n,3
nieuwsbv2023-11-10,SPEAKER_48,n,n,3
nieuwsbv2023-11-10,SPEAKER_49,n,n,3
nieuwsbv2023-11-10,SPEAKER_50,n,n,3
nieuwsbv2023-11-10,SPEAKER_51,n,n,3
nieuwsbv2023-11-10,SPEAKER_52,n,n,3
nieuwsbv2023-11-10,SPEAKER_53,n,n,3
nieuwsbv2023-11-10,SPEAKER_54,n,n,3
nieuwsbv2023-11-10,SPEAKER_55,n,n,3
nieuwsbv2023-11-10,SPEAKER_56,n,n,3
nieuwsbv2023-11-10,SPEAKER_57,n,n,3
nieuwsbv2023-11-10,SPEAKER_58,n,n,3
nieuwsbv2023-11-10,SPEAKER_59,n,n,3
nieuwsbv2023-11-10,SPEAKER_60,n,n,3
nieuwsbv2023-11-10,SPEAKER_61,n,n,3
nieuwsbv2023-11-10,SPEAKER_62,n,n,3
nieuwsbv2023-11-10,SPEAKER_63,n,n,3
nieuwsbv2023-11-10,SPEAKER_64,n,n,3
nieuwsbv2023-11-10,SPEAKER_65,n,n,3
nieuwsbv2023-11-10,SPEAKER_66,n,n,3
nieuwsbv2023-11-10,SPEAKER_67,n,n,3
nieuwsbv2023-11-10,SPEAKER_68,n,n,3
nieuwsbv2023-11-10,SPEAKER_69,n,n,3
nieuwsbv2023-11-10,SPEAKER_70,n,n,3
nieuwsbv2023-11-10,SPEAKER_71,n,n,3
nieuwsbv2023-11-10,SPEAKER_72,n,n,3
nieuwsenco2023-11-03,SPEAKER_00,n,n,2
nieuwsenco2023-11-03,SPEAKER_01,n,n,2
nieuwsenco2023-11-03,SPEAKER_02,n,n,2
nieuwsenco2023-11-03,SPEAKER_04,n,n,2
nieuwsenco2023-11-03,SPEAKER_05,n,n,1
nieuwsenco2023-11-03,SPEAKER_06,n,n,2
nieuwsenco2023-11-03,SPEAKER_07,n,n,2
nieuwsenco2023-11-03,SPEAKER_08,n,n,2
nieuwsenco2023-11-03,SPEAKER_09,n,n,2
nieuwsenco2023-11-03,SPEAKER_10,n,n,2
nieuwsenco2023-11-03,SPEAKER_11,n,n,2
nieuwsenco2023-11-03,SPEAKER_12,yesilgoz,n,1
nieuwsenco2023-11-03,SPEAKER_13,n,n,2
nieuwsenco2023-11-03,SPEAKER_14,n,n,2
nieuwsenco2023-11-03,SPEAKER_16,n,n,2
nieuwsenco2023-11-03,SPEAKER_17,n,n,2
nieuwsenco2023-11-03,SPEAKER_18,marijnissen,n,1
nieuwsenco2023-11-03,SPEAKER_19,vanderplas,n,1
nieuwsenco2023-11-03,SPEAKER_20,n,n,2
nieuwsenco2023-11-03,SPEAKER_21,stoffer,n,1
nieuwsenco2023-11-03,SPEAKER_22,timmermans,n,1
nieuwsenco2023-11-03,SPEAKER_23,n,n,2
nieuwsenco2023-11-03,SPEAKER_24,n,n,1
nieuwsenco2023-11-03,SPEAKER_25,n,n,2
nieuwsenco2023-11-03,SPEAKER_26,n,n,2
nieuwsenco2023-11-03,SPEAKER_27,n,n,2
nieuwsenco2023-11-03,SPEAKER_28,jetten,n,1
nieuwsenco2023-11-03,SPEAKER_29,n,n,2
nieuwsenco2023-11-03,SPEAKER_30,dassen,n,1
nieuwsenco2023-11-03,SPEAKER_31,bontenbal,n,1
nieuwsenco2023-11-03,SPEAKER_32,n,n,2
nieuwsenco2023-11-03,SPEAKER_33,n,n,2
nieuwsenco2023-11-03,SPEAKER_34,n,n,2
nieuwsenco2023-11-03,SPEAKER_35,n,n,2
nieuwsenco2023-11-03,SPEAKER_36,n,n,2
nieuwsenco2023-11-03,SPEAKER_37,n,n,2
nieuwsenco2023-11-03,SPEAKER_38,n,n,2
nieuwsenco2023-11-03,SPEAKER_39,n,n,2
nieuwsenco2023-11-03,SPEAKER_40,n,n,2
nieuwsenco2023-11-03,SPEAKER_41,n,n,2
nieuwsenco2023-11-03,SPEAKER_42,n,n,2
nieuwsenco2023-11-03,SPEAKER_43,n,n,2
nieuwsenco2023-11-03,SPEAKER_44,n,n,2
nieuwsenco2023-11-03,SPEAKER_45,n,n,2
nieuwsenco2023-11-03,SPEAKER_46,n,n,2
nieuwsenco2023-11-03,SPEAKER_47,bikker,n,1
nieuwsenco2023-11-03,SPEAKER_48,n,n,2
nieuwsenco2023-11-03,SPEAKER_49,n,n,2
nieuwsenco2023-11-03,SPEAKER_50,n,n,2
nieuwsenco2023-11-03,SPEAKER_51,wilders,n,1
nieuwsenco2023-11-03,SPEAKER_52,n,n,2
nieuwsenco2023-11-03,SPEAKER_53,ouwehand,n,1
nieuwsenco2023-11-03,SPEAKER_54,n,n,2
sven2023-11-06,SPEAKER_00,n,n,2
sven2023-11-06,SPEAKER_01,n,n,2
sven2023-11-06,SPEAKER_02,n,n,2
sven2023-11-06,SPEAKER_03,n,n,2
sven2023-11-06,SPEAKER_04,n,n,2
sven2023-11-06,SPEAKER_05,n,n,2
sven2023-11-06,SPEAKER_06,n,n,2
sven2023-11-06,SPEAKER_08,n,n,2
sven2023-11-06,SPEAKER_09,n,n,2
sven2023-11-06,SPEAKER_10,n,n,2
sven2023-11-06,SPEAKER_11,n,n,2
sven2023-11-06,SPEAKER_12,n,n,2
sven2023-11-06,SPEAKER_13,dassen,n,1
sven2023-11-06,SPEAKER_14,n,n,2
ditisdedag2023-11-09,SPEAKER_00,n,w,3
ditisdedag2023-11-09,SPEAKER_01,vanderplas,w,1
ditisdedag2023-11-09,SPEAKER_02,n,w,2
ditisdedag2023-11-09,SPEAKER_03,n,w,2
ditisdedag2023-11-09,SPEAKER_04,n,w,2
ditisdedag2023-11-09,SPEAKER_05,n,w,2
ditisdedag2023-11-09,SPEAKER_06,n,w,2
ditisdedag2023-11-09,SPEAKER_07,n,w,3
ditisdedag2023-11-09,n,n,w,3
nieuwsbv2023-11-07,SPEAKER_00,n,w,2
nieuwsbv2023-11-07,SPEAKER_01,n,w,3
nieuwsbv2023-11-07,SPEAKER_02,n,w,2
nieuwsbv2023-11-07,SPEAKER_03,n,w,2
nieuwsbv2023-11-07,SPEAKER_04,n,w,3
nieuwsbv2023-11-07,SPEAKER_05,n,w,2
nieuwsbv2023-11-07,SPEAKER_06,n,w,2
nieuwsbv2023-11-07,SPEAKER_07,n,w,2
nieuwsbv2023-11-07,SPEAKER_08,n,w,2
nieuwsbv2023-11-07,SPEAKER_09,n,w,3
nieuwsbv2023-11-07,SPEAKER_10,n,w,2
nieuwsbv2023-11-07,SPEAKER_11,n,w,2
nieuwsbv2023-11-07,SPEAKER_12,n,w,3
nieuwsbv2023-11-07,SPEAKER_13,n,w,3
nieuwsbv2023-11-07,SPEAKER_14,n,w,2
nieuwsbv2023-11-07,SPEAKER_15,n,w,3
nieuwsbv2023-11-07,SPEAKER_16,n,w,2
nieuwsbv2023-11-07,SPEAKER_17,n,w,3
nieuwsbv2023-11-07,SPEAKER_18,n,w,3
nieuwsbv2023-11-07,SPEAKER_19,n,w,2
nieuwsbv2023-11-07,SPEAKER_20,n,w,2
nieuwsbv2023-11-07,SPEAKER_21,n,w,2
nieuwsbv2023-11-07,SPEAKER_22,n,w,2
nieuwsbv2023-11-07,SPEAKER_24,n,w,2
nieuwsbv2023-11-07,SPEAKER_25,n,w,3
nieuwsbv2023-11-07,SPEAKER_26,n,w,3
nieuwsbv2023-11-07,SPEAKER_27,n,w,2
nieuwsbv2023-11-07,SPEAKER_28,n,w,3
nieuwsbv2023-11-07,SPEAKER_29,n,w,3
nieuwsbv2023-11-07,SPEAKER_30,n,w,3
nieuwsbv2023-11-07,SPEAKER_31,n,w,3
nieuwsbv2023-11-07,SPEAKER_32,n,w,2
nieuwsbv2023-11-07,SPEAKER_33,n,w,2
nieuwsbv2023-11-07,SPEAKER_34,n,w,3
nieuwsbv2023-11-07,SPEAKER_35,n,w,3
nieuwsbv2023-11-07,SPEAKER_36,n,w,3
nieuwsbv2023-11-07,SPEAKER_37,n,w,3
nieuwsbv2023-11-07,SPEAKER_38,n,w,2
nieuwsbv2023-11-07,SPEAKER_39,n,w,2
nieuwsbv2023-11-07,SPEAKER_40,n,w,2
nieuwsbv2023-11-07,SPEAKER_41,n,w,3
nieuwsbv2023-11-07,SPEAKER_42,n,w,3
nieuwsbv2023-11-07,SPEAKER_43,n,w,3
nieuwsbv2023-11-07,SPEAKER_44,n,w,2
nieuwsbv2023-11-07,SPEAKER_45,n,w,3
nieuwsbv2023-11-07,SPEAKER_46,n,w,2
nieuwsbv2023-11-07,SPEAKER_47,n,w,2
nieuwsbv2023-11-07,SPEAKER_48,n,w,2
nieuwsbv2023-11-07,SPEAKER_49,n,w,2
nieuwsbv2023-11-07,SPEAKER_50,n,w,3
nieuwsbv2023-11-07,SPEAKER_51,n,w,3
nieuwsbv2023-11-07,SPEAKER_52,n,w,2
nieuwsbv2023-11-07,SPEAKER_53,n,w,2
nieuwsbv2023-11-07,SPEAKER_54,n,w,3
nieuwsbv2023-11-07,SPEAKER_55,n,w,2
nieuwsbv2023-11-07,SPEAKER_56,n,w,2
nieuwsbv2023-11-07,SPEAKER_57,n,w,2
nieuwsbv2023-11-07,SPEAKER_58,n,w,2
nieuwsbv2023-11-07,SPEAKER_59,n,w,2
nieuwsbv2023-11-07,SPEAKER_60,n,w,3
nieuwsbv2023-11-07,SPEAKER_61,n,w,3
nieuwsbv2023-11-07,SPEAKER_62,n,w,2
nieuwsbv2023-11-17,SPEAKER_00,n,w,3
nieuwsbv2023-11-17,SPEAKER_01,n,w,2
nieuwsbv2023-11-17,SPEAKER_02,yesilgoz,w,1
nieuwsbv2023-11-17,SPEAKER_03,n,w,3
nieuwsbv2023-11-17,SPEAKER_04,ouwehand,w,1
nieuwsbv2023-11-17,SPEAKER_05,n,w,3
nieuwsbv2023-11-17,SPEAKER_06,n,w,3
nieuwsbv2023-11-17,SPEAKER_07,n,w,3
nieuwsbv2023-11-17,SPEAKER_08,n,w,3
nieuwsbv2023-11-17,SPEAKER_09,n,w,3
nieuwsbv2023-11-17,SPEAKER_10,n,w,3
nieuwsbv2023-11-17,SPEAKER_11,n,w,3
nieuwsbv2023-11-17,SPEAKER_12,n,w,3
nieuwsbv2023-11-17,SPEAKER_13,n,w,2
nieuwsbv2023-11-17,SPEAKER_14,n,w,3
nieuwsbv2023-11-17,SPEAKER_15,n,w,3
nieuwsbv2023-11-17,SPEAKER_16,n,w,2
nieuwsbv2023-11-17,SPEAKER_17,n,w,2
nieuwsbv2023-11-17,SPEAKER_18,n,w,3
nieuwsbv2023-11-17,SPEAKER_19,n,w,3
nieuwsbv2023-11-17,SPEAKER_20,n,w,3
nieuwsbv2023-11-17,SPEAKER_21,n,w,3
nieuwsbv2023-11-17,SPEAKER_23,n,w,2
nieuwsbv2023-11-17,SPEAKER_24,n,w,3
nieuwsbv2023-11-17,SPEAKER_25,n,w,3
nieuwsbv2023-11-17,SPEAKER_26,n,w,3
nieuwsbv2023-11-17,SPEAKER_27,n,w,3
nieuwsbv2023-11-17,SPEAKER_28,n,w,3
nieuwsbv2023-11-17,SPEAKER_29,n,w,3
nieuwsbv2023-11-17,SPEAKER_30,n,w,3
nieuwsbv2023-11-17,SPEAKER_31,n,w,2
nieuwsbv2023-11-17,SPEAKER_32,n,w,3
nieuwsbv2023-11-17,SPEAKER_33,n,w,3
nieuwsbv2023-11-17,SPEAKER_34,n,w,3
nieuwsbv2023-11-17,SPEAKER_36,n,w,3
nieuwsbv2023-11-17,SPEAKER_37,n,w,3
nieuwsbv2023-11-17,SPEAKER_39,n,w,3
nieuwsbv2023-11-17,SPEAKER_40,n,w,3
nieuwsbv2023-11-17,SPEAKER_41,n,w,3
nieuwsbv2023-11-17,SPEAKER_42,n,w,2
nieuwsbv2023-11-17,SPEAKER_43,n,w,2
nieuwsbv2023-11-17,SPEAKER_44,eerdmans,w,1
nieuwsbv2023-11-17,SPEAKER_45,n,w,3
nieuwsbv2023-11-17,SPEAKER_46,n,w,2
nieuwsbv2023-11-17,SPEAKER_47,n,w,2
nieuwsbv2023-11-17,SPEAKER_48,n,w,3
nieuwsbv2023-11-17,SPEAKER_49,n,w,3
nieuwsbv2023-11-17,SPEAKER_50,n,w,2
nieuwsbv2023-11-17,SPEAKER_52,jetten,w,1
nieuwsbv2023-11-17,SPEAKER_53,n,w,2
nieuwsbv2023-11-17,SPEAKER_54,n,w,2
nieuwsbv2023-11-17,SPEAKER_56,n,w,2
nieuwsbv2023-11-17,SPEAKER_58,n,w,3
nieuwsbv2023-11-17,SPEAKER_59,timmermans,w,1
nieuwsbv2023-11-17,SPEAKER_60,n,w,2
nieuwsbv2023-11-17,SPEAKER_61,n,w,3
nieuwsbv2023-11-17,SPEAKER_62,n,w,3
nieuwsbv2023-11-17,SPEAKER_63,n,w,3
nieuwsbv2023-11-17,SPEAKER_64,n,w,3
nieuwsbv2023-11-17,SPEAKER_65,marijnissen,w,1
nieuwsbv2023-11-17,SPEAKER_66,n,w,3
nieuwsbv2023-11-17,SPEAKER_67,n,w,3
nieuwsbv2023-11-17,SPEAKER_68,n,w,3
nieuwsbv2023-11-17,SPEAKER_69,n,w,3
nieuwsbv2023-11-17,SPEAKER_70,n,w,3
nieuwsbv2023-11-17,SPEAKER_71,n,w,3
nieuwsbv2023-11-17,SPEAKER_72,n,w,3
nieuwsbv2023-11-17,SPEAKER_73,n,w,3
nieuwsbv2023-11-17,SPEAKER_74,n,w,3
nieuwsbv2023-11-17,SPEAKER_75,n,w,3
nieuwsbv2023-11-17,SPEAKER_76,n,w,3
nieuwsbv2023-11-17,SPEAKER_77,n,w,3
nieuwsbv2023-11-17,SPEAKER_78,n,w,2
nieuwsbv2023-11-17,SPEAKER_79,n,w,3
nieuwsbv2023-11-17,SPEAKER_80,n,w,3
nieuwsbv2023-11-17,SPEAKER_81,n,w,2
nieuwsbv2023-11-17,SPEAKER_82,n,w,3
nieuwsenco2023-11-09,SPEAKER_02,n,w,3
nieuwsenco2023-11-09,SPEAKER_03,n,w,2
nieuwsenco2023-11-09,SPEAKER_04,n,w,2
nieuwsenco2023-11-09,SPEAKER_05,n,w,3
nieuwsenco2023-11-09,SPEAKER_06,n,w,2
nieuwsenco2023-11-09,SPEAKER_07,stoffer,w,1
nieuwsenco2023-11-09,SPEAKER_08,n,w,2
nieuwsenco2023-11-09,SPEAKER_09,n,w,2
nieuwsenco2023-11-09,SPEAKER_10,n,w,2
nieuwsenco2023-11-09,SPEAKER_11,n,w,2
nieuwsenco2023-11-09,SPEAKER_13,n,w,2
nieuwsenco2023-11-09,SPEAKER_14,n,w,2
nieuwsenco2023-11-09,SPEAKER_15,n,w,3
nieuwsenco2023-11-09,SPEAKER_16,n,w,2
nieuwsenco2023-11-09,SPEAKER_17,n,w,2
nieuwsenco2023-11-09,SPEAKER_18,n,w,2
nieuwsenco2023-11-09,SPEAKER_19,n,w,2
nieuwsenco2023-11-09,SPEAKER_20,n,w,2
nieuwsenco2023-11-09,SPEAKER_21,n,w,3
nieuwsenco2023-11-09,SPEAKER_22,n,w,2
nieuwsenco2023-11-09,SPEAKER_24,n,w,2
nieuwsenco2023-11-09,SPEAKER_25,n,w,3
nieuwsenco2023-11-09,SPEAKER_26,n,w,3
nieuwsenco2023-11-09,SPEAKER_27,n,w,2
nieuwsenco2023-11-09,SPEAKER_28,n,w,3
nieuwsenco2023-11-09,SPEAKER_29,n,w,2
nieuwsenco2023-11-09,SPEAKER_30,n,w,2
nieuwsenco2023-11-09,SPEAKER_31,n,w,2
nieuwsenco2023-11-09,SPEAKER_32,vanderplas,w,1
nieuwsenco2023-11-09,SPEAKER_33,n,w,2
nieuwsenco2023-11-09,SPEAKER_34,n,w,3
nieuwsenco2023-11-09,SPEAKER_35,n,w,2
nieuwsenco2023-11-09,SPEAKER_36,n,w,2
nieuwsenco2023-11-09,SPEAKER_37,n,w,2
nieuwsenco2023-11-09,SPEAKER_38,n,w,2
nieuwsenco2023-11-09,SPEAKER_39,n,w,2
nieuwsenco2023-11-09,SPEAKER_40,n,w,2
nieuwsenco2023-11-09,SPEAKER_41,n,w,2
nieuwsenco2023-11-09,SPEAKER_42,n,w,2
nieuwsenco2023-11-09,SPEAKER_43,n,w,3
nieuwsenco2023-11-09,SPEAKER_44,n,w,3
nieuwsenco2023-11-09,SPEAKER_46,timmermans,w,1
nieuwsenco2023-11-09,SPEAKER_47,n,w,2
nieuwsenco2023-11-09,SPEAKER_48,n,w,3
nieuwsenco2023-11-09,SPEAKER_49,n,w,3
nieuwsenco2023-11-09,SPEAKER_50,n,w,2
nieuwsenco2023-11-09,SPEAKER_51,n,w,3
nieuwsenco2023-11-09,SPEAKER_52,n,w,2
nieuwsenco2023-11-09,SPEAKER_53,n,w,3
nieuwsenco2023-11-09,SPEAKER_55,n,w,2
nieuwsenco2023-11-09,SPEAKER_57,n,w,2
nieuwsenco2023-11-09,SPEAKER_58,n,w,2
nieuwsenco2023-11-09,SPEAKER_59,n,w,2
nieuwsenco2023-11-09,SPEAKER_60,n,w,3
nieuwsenco2023-11-09,SPEAKER_61,n,w,2
nieuwsenco2023-11-09,SPEAKER_62,n,w,3
nieuwsenco2023-11-09,SPEAKER_63,n,w,2
nieuwsenco2023-11-09,SPEAKER_64,n,w,2
nieuwsenco2023-11-09,SPEAKER_65,n,w,2
nieuwsenco2023-11-09,SPEAKER_66,n,w,2
nieuwsenco2023-11-09,SPEAKER_67,n,w,2
nieuwsenco2023-11-09,SPEAKER_68,n,w,2
nieuwsenco2023-11-09,SPEAKER_69,n,w,2
nieuwsenco2023-11-09,SPEAKER_70,n,w,2
nieuwsenco2023-11-09,SPEAKER_71,n,w,2
nieuwsenco2023-11-09,SPEAKER_72,n,w,2
nieuwsenco2023-11-09,SPEAKER_73,n,w,3
nieuwsenco2023-11-09,SPEAKER_74,n,w,3
nieuwsenco2023-11-09,SPEAKER_75,n,w,2
nieuwsenco2023-11-09,SPEAKER_76,n,w,2
nieuwsenco2023-11-09,SPEAKER_77,yesilgoz,w,1
journaal2023-11-02,SPEAKER_57,vanbaarle,NA,NA
journaal2023-11-02,SPEAKER_04,n,NA,NA
journaal2023-11-02,SPEAKER_03,n,NA,NA
journaal2023-11-02,SPEAKER_00,n,NA,NA
journaal2023-11-02,SPEAKER_02,n,NA,NA
journaal2023-11-02,SPEAKER_65,stoffer,NA,NA
journaal2023-11-02,SPEAKER_95,bontenbal,NA,NA
journaal2023-11-02,SPEAKER_01,n,NA,NA
journaal2023-11-03,SPEAKER_124,n,NA,NA
journaal2023-11-03,SPEAKER_14,n,NA,NA
journaal2023-11-03,SPEAKER_80,n,NA,NA
journaal2023-11-03,SPEAKER_15,n,NA,NA
journaal2023-11-03,SPEAKER_52,n,NA,NA
journaal2023-11-03,SPEAKER_26,n,NA,NA
journaal2023-11-03,SPEAKER_101,n,NA,NA
journaal2023-11-03,SPEAKER_125,n,NA,NA
journaal2023-11-03,SPEAKER_131,vanbaarle,NA,NA
journaal2023-11-08,SPEAKER_126,n,NA,NA
journaal2023-11-08,SPEAKER_92,n,NA,NA
journaal2023-11-08,SPEAKER_36,n,NA,NA
journaal2023-11-08,SPEAKER_14,n,NA,NA
journaal2023-11-08,SPEAKER_26,baudet,NA,NA
journaal2023-11-08,SPEAKER_104,n,NA,NA
journaal2023-11-16,SPEAKER_10,n,NA,NA
journaal2023-11-16,SPEAKER_07,wilders,NA,NA
journaal2023-11-16,SPEAKER_04,n,NA,NA
journaal2023-11-16,SPEAKER_104,n,NA,NA
journaal2023-11-16,SPEAKER_103,n,NA,NA
journaal2023-11-16,SPEAKER_05,n,NA,NA
journaal2023-11-16,SPEAKER_109,n,NA,NA
journaal2023-11-16,SPEAKER_06,omtzigt,NA,NA
journaal2023-11-16,SPEAKER_09,n,NA,NA
journaal2023-11-16,SPEAKER_106,n,NA,NA
journaal2023-11-16,SPEAKER_03,n,NA,NA
journaal2023-11-16,SPEAKER_00,n,NA,NA
journaal2023-11-16,SPEAKER_107,n,NA,NA
journaal2023-11-16,SPEAKER_102,n,NA,NA
journaal2023-11-16,SPEAKER_01,n,NA,NA
journaal2023-11-16,SPEAKER_100,n,NA,NA
journaal2023-11-16,SPEAKER_101,n,NA,NA
journaal2023-11-16,SPEAKER_105,n,NA,NA
journaal2023-11-16,SPEAKER_28,n,NA,NA
journaal2023-11-16,SPEAKER_26,n,NA,NA
journaal2023-11-16,SPEAKER_128,n,NA,NA
ditisdedag2023-11-02,SPEAKER_00,n,NA,NA
ditisdedag2023-11-02,SPEAKER_04,n,NA,NA
ditisdedag2023-11-02,SPEAKER_06,n,NA,NA
ditisdedag2023-11-02,SPEAKER_01,n,NA,NA
ditisdedag2023-11-02,SPEAKER_05,omtzigt,NA,NA
ditisdedag2023-11-02,SPEAKER_02,n,NA,NA
ditisdedag2023-11-02,SPEAKER_03,n,NA,NA
sven2023-11-08,SPEAKER_05,n,NA,NA
sven2023-11-08,SPEAKER_02,n,NA,NA
sven2023-11-08,SPEAKER_03,n,NA,NA
sven2023-11-08,SPEAKER_04,eerdmans,NA,NA
sven2023-11-08,SPEAKER_00,n,NA,NA
sven2023-11-08,SPEAKER_09,n,NA,NA
sven2023-11-08,SPEAKER_12,n,NA,NA
sven2023-11-08,SPEAKER_10,n,NA,NA
sven2023-11-08,SPEAKER_16,n,NA,NA
sven2023-11-08,SPEAKER_15,n,NA,NA
sven2023-11-08,SPEAKER_08,n,NA,NA
sven2023-11-08,SPEAKER_11,n,NA,NA
sven2023-11-08,SPEAKER_14,n,NA,NA
sven2023-11-08,SPEAKER_13,n,NA,NA
sven2023-11-08,SPEAKER_01,n,NA,NA
sven2023-11-08,SPEAKER_06,n,NA,NA
ditisdedag2023-11-09,SPEAKER_01,vanderplas,NA,NA
ditisdedag2023-11-09,SPEAKER_06,n,NA,NA
ditisdedag2023-11-09,SPEAKER_03,n,NA,NA
ditisdedag2023-11-09,SPEAKER_02,n,NA,NA
ditisdedag2023-11-09,SPEAKER_00,n,NA,NA
ditisdedag2023-11-09,SPEAKER_05,n,NA,NA
ditisdedag2023-11-09,SPEAKER_07,n,NA,NA
ditisdedag2023-11-09,SPEAKER_04,n,NA,NA
journaal2023-11-08,SPEAKER_00,n,NA,NA
journaal2023-11-08,SPEAKER_01,n,NA,NA
journaal2023-11-08,SPEAKER_02,n,NA,NA
journaal2023-11-08,SPEAKER_03,n,NA,NA
journaal2023-11-08,SPEAKER_04,n,NA,NA
